{
    "mse_score": 0.05920579,
    "r2_tot": 0.7455247953361562,
    "r2_proj": 0.8245696057130366
}