{
    "mse_score": 0.04826979,
    "r2_tot": 0.7596813530998933,
    "r2_proj": 0.8421477831660842
}