{
    "mse_score": 0.03765788,
    "r2_tot": 0.8360036607040465,
    "r2_proj": 0.905701999851085
}