{
    "mse_score": 0.0427436,
    "r2_tot": 0.8761761801598816,
    "r2_proj": 0.9484153238821114
}