{
    "mse_score": 0.03944495,
    "r2_tot": 0.8646468358761665,
    "r2_proj": 0.951764606889977
}