{
    "mse_score": 0.04435069,
    "r2_tot": 0.8328036637550146,
    "r2_proj": 0.9429180753886666
}