{
    "mse_score": 0.04054712,
    "r2_tot": 0.8847088470197456,
    "r2_proj": 0.958572900582306
}