{
    "mse_score": 0.04069494,
    "r2_tot": 0.8585816527056979,
    "r2_proj": 0.9508252252031515
}