{
    "mse_score": 0.04659453,
    "r2_tot": 0.8345666701981702,
    "r2_proj": 0.9529918038763988
}