{
    "mse_score": 0.0419674,
    "r2_tot": 0.79812855669632,
    "r2_proj": 0.9130062966754651
}