{
    "mse_score": 0.04350643,
    "r2_tot": 0.8604060592863566,
    "r2_proj": 0.9493672837683943
}