{
    "mse_score": 0.04258439,
    "r2_tot": 0.8389778796012133,
    "r2_proj": 0.9523389867421721
}