{
    "mse_score": 0.04112538,
    "r2_tot": 0.8538286764089786,
    "r2_proj": 0.9543738145403141
}