{
    "mse_score": 0.04186159,
    "r2_tot": 0.8646960717101773,
    "r2_proj": 0.9541159108129106
}