{
    "mse_score": 0.04523984,
    "r2_tot": 0.7783576455322335,
    "r2_proj": 0.8915658546599918
}