{
    "mse_score": 0.0422714,
    "r2_tot": 0.8182237398543187,
    "r2_proj": 0.9028774372142887
}