{
    "mse_score": 0.04851727,
    "r2_tot": 0.7620967246999096,
    "r2_proj": 0.857615156404829
}