{
    "mse_score": 0.04280556,
    "r2_tot": 0.8648431427000145,
    "r2_proj": 0.9543883094989143
}