{
    "mse_score": 0.04255411,
    "r2_tot": 0.8270425741480105,
    "r2_proj": 0.9453933856756306
}