{
    "mse_score": 0.04349852,
    "r2_tot": 0.8613834286412233,
    "r2_proj": 0.9511750000220528
}