{
    "mse_score": 0.04468134,
    "r2_tot": 0.8284959828262256,
    "r2_proj": 0.9481365726244898
}