{
    "mse_score": 0.04158069,
    "r2_tot": 0.8238102201914966,
    "r2_proj": 0.911529957701448
}