{
    "mse_score": 0.04177291,
    "r2_tot": 0.8453248240549722,
    "r2_proj": 0.9365110174910817
}