{
    "mse_score": 0.04482753,
    "r2_tot": 0.8641466228191699,
    "r2_proj": 0.957284182030079
}