{
    "mse_score": 0.03854498,
    "r2_tot": 0.8513985941161865,
    "r2_proj": 0.9512159094931768
}