{
    "mse_score": 0.04483141,
    "r2_tot": 0.8341659848453242,
    "r2_proj": 0.9179634530419281
}