{
    "mse_score": 0.04162051,
    "r2_tot": 0.8254939652743595,
    "r2_proj": 0.9170761207455927
}