{
    "mse_score": 0.04458202,
    "r2_tot": 0.8584207705020491,
    "r2_proj": 0.945287991385807
}