{
    "mse_score": 0.03793686,
    "r2_tot": 0.8288219491883825,
    "r2_proj": 0.91243177815667
}