{
    "mse_score": 0.04068343,
    "r2_tot": 0.8766573377506944,
    "r2_proj": 0.9509429728252384
}