{
    "mse_score": 0.046982,
    "r2_tot": 0.7587871810503173,
    "r2_proj": 0.8487672507706623
}