{
    "mse_score": 0.04077956,
    "r2_tot": 0.825664657932036,
    "r2_proj": 0.9284818707505853
}