{
    "mse_score": 0.04256364,
    "r2_tot": 0.829062304071679,
    "r2_proj": 0.9471863454747985
}