{
    "mse_score": 0.04021099,
    "r2_tot": 0.857736412433001,
    "r2_proj": 0.9464150569846235
}