{
    "mse_score": 0.04277071,
    "r2_tot": 0.8455016128765754,
    "r2_proj": 0.9411706082882625
}