{
    "mse_score": 0.04076792,
    "r2_tot": 0.8467001242910838,
    "r2_proj": 0.9367112421460803
}