{
    "mse_score": 0.06473823,
    "r2_tot": 0.7363691432190343,
    "r2_proj": 0.7910841024029917
}