{
    "mse_score": 0.0417699,
    "r2_tot": 0.7934409316272848,
    "r2_proj": 0.908088355676631
}