{
    "mse_score": 0.04133995,
    "r2_tot": 0.8325731646279435,
    "r2_proj": 0.9310788993035913
}