{
    "mse_score": 0.04355633,
    "r2_tot": 0.7913825882349445,
    "r2_proj": 0.9068719472156774
}