{
    "mse_score": 0.04015846,
    "r2_tot": 0.8107318586239137,
    "r2_proj": 0.9049039456792782
}