{
    "mse_score": 0.04592169,
    "r2_tot": 0.7857105995481045,
    "r2_proj": 0.9039342035097355
}