{
    "mse_score": 0.03999086,
    "r2_tot": 0.8664020080687821,
    "r2_proj": 0.9546881765023432
}