{
    "mse_score": 0.0371837,
    "r2_tot": 0.8218905007060918,
    "r2_proj": 0.908702228506672
}