{
    "mse_score": 0.04158812,
    "r2_tot": 0.8520880562591088,
    "r2_proj": 0.9522498093134509
}