{
    "mse_score": 0.04029788,
    "r2_tot": 0.8618782976608907,
    "r2_proj": 0.9509441780914224
}