{
    "mse_score": 0.04336784,
    "r2_tot": 0.8201554860205157,
    "r2_proj": 0.9062495382117931
}