{
    "mse_score": 0.04615588,
    "r2_tot": 0.8243417888267676,
    "r2_proj": 0.8941106587066029
}