{
    "mse_score": 0.0401276,
    "r2_tot": 0.809530349531298,
    "r2_proj": 0.9177277532296789
}