{
    "mse_score": 0.04044021,
    "r2_tot": 0.8266959232442492,
    "r2_proj": 0.9452077341873991
}