{
    "mse_score": 0.05767033,
    "r2_tot": 0.732253526266889,
    "r2_proj": 0.8153896339587188
}