{
    "mse_score": 0.06501947,
    "r2_tot": 0.7050565312073704,
    "r2_proj": 0.7947218082312099
}