{
    "mse_score": 0.04218079,
    "r2_tot": 0.8684337053988417,
    "r2_proj": 0.9571865758248497
}