{
    "mse_score": 0.0388863,
    "r2_tot": 0.8070823392199602,
    "r2_proj": 0.9157009582833086
}