{
    "mse_score": 0.04173631,
    "r2_tot": 0.8178766512049324,
    "r2_proj": 0.900180798531613
}