{
    "mse_score": 0.03815224,
    "r2_tot": 0.8398275652482855,
    "r2_proj": 0.9093361711997967
}