{
    "mse_score": 0.0524163,
    "r2_tot": 0.6861446169835947,
    "r2_proj": 0.7753083516637048
}