{
    "mse_score": 0.05653873,
    "r2_tot": 0.7110614542173085,
    "r2_proj": 0.7882699192124651
}