{
    "mse_score": 0.04784176,
    "r2_tot": 0.7579770963189265,
    "r2_proj": 0.86100386853859
}