{
    "mse_score": 0.04599791,
    "r2_tot": 0.8552715442529989,
    "r2_proj": 0.9548445233958235
}