{
    "mse_score": 0.04043493,
    "r2_tot": 0.7976994633317375,
    "r2_proj": 0.9156435022797692
}