{
    "mse_score": 0.04602106,
    "r2_tot": 0.8416104772627423,
    "r2_proj": 0.9389244950126676
}