{
    "mse_score": 0.05063768,
    "r2_tot": 0.8104165313709583,
    "r2_proj": 0.8969525709895275
}