{
    "mse_score": 0.04226362,
    "r2_tot": 0.7930156041994579,
    "r2_proj": 0.9083645082611836
}