{
    "mse_score": 0.01472512,
    "r2_tot": 0.8369558743758018,
    "r2_proj": 0.9319968012836363
}