{
    "mse_score": 0.04442652,
    "r2_tot": 0.8313226152545917,
    "r2_proj": 0.9197089406731709
}