{
    "mse_score": 0.0432365,
    "r2_tot": 0.8296831054520056,
    "r2_proj": 0.918081821283964
}