{
    "mse_score": 0.03908781,
    "r2_tot": 0.8655786323782094,
    "r2_proj": 0.9553433196407745
}