{
    "mse_score": 0.04525417,
    "r2_tot": 0.821529344130192,
    "r2_proj": 0.9096941032531104
}