{
    "mse_score": 0.04148688,
    "r2_tot": 0.8648536710658237,
    "r2_proj": 0.9513503887054028
}