{
    "mse_score": 0.04205288,
    "r2_tot": 0.7990333574655326,
    "r2_proj": 0.9147097054923178
}