{
    "mse_score": 0.05067657,
    "r2_tot": 0.7422919335421114,
    "r2_proj": 0.8300088851420858
}