{
    "mse_score": 0.0416335,
    "r2_tot": 0.8443499614989618,
    "r2_proj": 0.9274152321494539
}