{
    "mse_score": 0.03805885,
    "r2_tot": 0.8828137859058554,
    "r2_proj": 0.9563501590648124
}