{
    "mse_score": 0.03983274,
    "r2_tot": 0.8203291614955194,
    "r2_proj": 0.9031958945300462
}