{
    "mse_score": 0.04100476,
    "r2_tot": 0.8826434131060833,
    "r2_proj": 0.955901365108177
}