{
    "mse_score": 0.04122932,
    "r2_tot": 0.834166743514149,
    "r2_proj": 0.9251806944293014
}