{
    "mse_score": 0.03948389,
    "r2_tot": 0.8123946855378389,
    "r2_proj": 0.9088011364383902
}