{
    "mse_score": 0.04133607,
    "r2_tot": 0.8461563618312778,
    "r2_proj": 0.9365724934877124
}