{
    "mse_score": 0.04185397,
    "r2_tot": 0.8598835552877848,
    "r2_proj": 0.946814414216283
}