{
    "mse_score": 0.03902975,
    "r2_tot": 0.8263883803530977,
    "r2_proj": 0.9221789128947929
}