{
    "mse_score": 0.05766686,
    "r2_tot": 0.7378395534785748,
    "r2_proj": 0.8508929267264062
}