{
    "mse_score": 0.04279005,
    "r2_tot": 0.8357917683487065,
    "r2_proj": 0.9553665704061143
}