{
    "mse_score": 0.04633348,
    "r2_tot": 0.8548492166075901,
    "r2_proj": 0.9486686049558496
}