{
    "mse_score": 0.05400973,
    "r2_tot": 0.7882914071173786,
    "r2_proj": 0.8757563648815205
}