{
    "mse_score": 0.03959982,
    "r2_tot": 0.8828830194027378,
    "r2_proj": 0.955725011190425
}