{
    "mse_score": 0.06515259,
    "r2_tot": 0.7185955168028793,
    "r2_proj": 0.8004011578009048
}