{
    "mse_score": 0.03946511,
    "r2_tot": 0.8601617089216109,
    "r2_proj": 0.9459365287955279
}