{
    "mse_score": 0.04470864,
    "r2_tot": 0.8622725654826768,
    "r2_proj": 0.9514989607735773
}