{
    "mse_score": 0.04917247,
    "r2_tot": 0.7855795874563178,
    "r2_proj": 0.8729037633930428
}