{
    "mse_score": 0.04078211,
    "r2_tot": 0.8815823496591911,
    "r2_proj": 0.9555181412736137
}