{
    "mse_score": 0.04481895,
    "r2_tot": 0.8566060792758611,
    "r2_proj": 0.9571374473863923
}