{
    "mse_score": 0.06008509,
    "r2_tot": 0.7427471984230968,
    "r2_proj": 0.8101495335476567
}