{
    "mse_score": 0.04603112,
    "r2_tot": 0.8571632513171674,
    "r2_proj": 0.950815828056089
}