{
    "mse_score": 0.04330237,
    "r2_tot": 0.8152852161945412,
    "r2_proj": 0.9107673558838987
}