{
    "mse_score": 0.06291758,
    "r2_tot": 0.7313970063564347,
    "r2_proj": 0.8315849223919036
}