{
    "mse_score": 0.0401932,
    "r2_tot": 0.8366054725664953,
    "r2_proj": 0.905306842817189
}