{
    "mse_score": 0.05869882,
    "r2_tot": 0.7084761909215819,
    "r2_proj": 0.8194245042537003
}