{
    "mse_score": 0.04983151,
    "r2_tot": 0.8320323564920828,
    "r2_proj": 0.9166659431110784
}