{
    "mse_score": 0.06382754,
    "r2_tot": 0.6638512803088319,
    "r2_proj": 0.7697120336206462
}