{
    "mse_score": 0.04373783,
    "r2_tot": 0.8400235585128919,
    "r2_proj": 0.929409507091614
}