{
    "mse_score": 0.0510119,
    "r2_tot": 0.8232792247047708,
    "r2_proj": 0.8934678627648277
}