{
    "mse_score": 0.04347896,
    "r2_tot": 0.8318767352627329,
    "r2_proj": 0.951314047270374
}