{
    "mse_score": 0.04006929,
    "r2_tot": 0.8582804801723607,
    "r2_proj": 0.9593409371890823
}