{
    "mse_score": 0.041592,
    "r2_tot": 0.8502618409426573,
    "r2_proj": 0.9496436246133655
}