{
    "mse_score": 0.04117875,
    "r2_tot": 0.8601802899896949,
    "r2_proj": 0.9464118534839648
}