{
    "mse_score": 0.04553813,
    "r2_tot": 0.8445932013925737,
    "r2_proj": 0.9286345725276169
}