{
    "mse_score": 0.04276497,
    "r2_tot": 0.8236931105407534,
    "r2_proj": 0.9182246899998798
}