{
    "mse_score": 0.04113144,
    "r2_tot": 0.8167122118317041,
    "r2_proj": 0.9012741633204991
}