{
    "mse_score": 0.04299678,
    "r2_tot": 0.8236829266354334,
    "r2_proj": 0.911639417275971
}