{
    "mse_score": 0.0491182,
    "r2_tot": 0.693379580946193,
    "r2_proj": 0.7885724355449735
}