{
    "mse_score": 0.0442988,
    "r2_tot": 0.852904876381402,
    "r2_proj": 0.9564836193911384
}