{
    "mse_score": 0.04146206,
    "r2_tot": 0.8599928217093004,
    "r2_proj": 0.9480919533430804
}