{
    "mse_score": 0.04053016,
    "r2_tot": 0.8195258488640904,
    "r2_proj": 0.9141290690970141
}