{
    "mse_score": 0.06430541,
    "r2_tot": 0.7012639945236694,
    "r2_proj": 0.8103848227327578
}