{
    "mse_score": 0.04247042,
    "r2_tot": 0.8131496925253725,
    "r2_proj": 0.913772704559257
}