{
    "mse_score": 0.04445256,
    "r2_tot": 0.8305438492761975,
    "r2_proj": 0.9256197699925286
}