{
    "mse_score": 0.04211166,
    "r2_tot": 0.8373282153922229,
    "r2_proj": 0.9474031473058705
}