{
    "mse_score": 0.04243524,
    "r2_tot": 0.8519869772820645,
    "r2_proj": 0.9505514288579696
}