{
    "mse_score": 0.04116177,
    "r2_tot": 0.8870164185765327,
    "r2_proj": 0.9612321911387907
}