{
    "mse_score": 0.05506654,
    "r2_tot": 0.7907553673561577,
    "r2_proj": 0.8917785108481643
}