{
    "mse_score": 0.05156119,
    "r2_tot": 0.720469645602481,
    "r2_proj": 0.8454676684514039
}