{
    "mse_score": 0.04371545,
    "r2_tot": 0.8281310118585803,
    "r2_proj": 0.9375227734652686
}