{
    "mse_score": 0.05358718,
    "r2_tot": 0.7432147905416797,
    "r2_proj": 0.8553326034846592
}