{
    "mse_score": 0.04234595,
    "r2_tot": 0.8329805218723934,
    "r2_proj": 0.9169877588591863
}