{
    "mse_score": 0.04222528,
    "r2_tot": 0.8505570449042243,
    "r2_proj": 0.9478292391835296
}