{
    "mse_score": 0.05709204,
    "r2_tot": 0.7137786341219479,
    "r2_proj": 0.7863522560965412
}