{
    "mse_score": 0.04395938,
    "r2_tot": 0.8558391118316038,
    "r2_proj": 0.9421810596919249
}