{
    "mse_score": 0.08091255,
    "r2_tot": 0.6243732325521253,
    "r2_proj": 0.719814518291075
}