{
    "mse_score": 0.04241339,
    "r2_tot": 0.8364311368494795,
    "r2_proj": 0.9482207701450576
}