{
    "mse_score": 0.0177009,
    "r2_tot": 0.8237224317643318,
    "r2_proj": 0.9193494817534509
}