{
    "mse_score": 0.03902676,
    "r2_tot": 0.8055308533378484,
    "r2_proj": 0.9133960046872089
}