{
    "mse_score": 0.04260877,
    "r2_tot": 0.8153357363472257,
    "r2_proj": 0.9016156481385164
}