{
    "mse_score": 0.04215084,
    "r2_tot": 0.8320623833407438,
    "r2_proj": 0.9204448992971372
}