{
    "mse_score": 0.04376973,
    "r2_tot": 0.8309277887035624,
    "r2_proj": 0.9500270325053917
}