{
    "mse_score": 0.0437173,
    "r2_tot": 0.854163630274527,
    "r2_proj": 0.9464414801113468
}