{
    "mse_score": 0.04897685,
    "r2_tot": 0.8039119502482458,
    "r2_proj": 0.8989008086257225
}