{
    "mse_score": 0.03929139,
    "r2_tot": 0.8575405082622586,
    "r2_proj": 0.956004561558586
}