{
    "mse_score": 0.04123497,
    "r2_tot": 0.8620173142393582,
    "r2_proj": 0.9491006970051007
}