{
    "mse_score": 0.04166077,
    "r2_tot": 0.8364691805090698,
    "r2_proj": 0.9250401865878934
}