{
    "mse_score": 0.04482211,
    "r2_tot": 0.8680402373027268,
    "r2_proj": 0.9574684994405366
}