{
    "mse_score": 0.04077999,
    "r2_tot": 0.8357808478747248,
    "r2_proj": 0.9580720023791751
}