{
    "mse_score": 0.04136149,
    "r2_tot": 0.8211468756534497,
    "r2_proj": 0.9172647335321792
}