{
    "mse_score": 0.04376641,
    "r2_tot": 0.8654255019257225,
    "r2_proj": 0.9506118279079245
}