{
    "mse_score": 0.04183905,
    "r2_tot": 0.8808313110508863,
    "r2_proj": 0.9545769804355628
}