{
    "mse_score": 0.040496,
    "r2_tot": 0.8625432573544084,
    "r2_proj": 0.9482718159567627
}