{
    "mse_score": 0.04089157,
    "r2_tot": 0.813140438731731,
    "r2_proj": 0.92076587590618
}