{
    "mse_score": 0.04279527,
    "r2_tot": 0.8110145002855402,
    "r2_proj": 0.905364427083025
}