{
    "mse_score": 0.04615239,
    "r2_tot": 0.7813639520029553,
    "r2_proj": 0.8979594022580146
}