{
    "mse_score": 0.04549654,
    "r2_tot": 0.8242192211137568,
    "r2_proj": 0.9295530521460955
}