{
    "mse_score": 0.06086263,
    "r2_tot": 0.6770783572282086,
    "r2_proj": 0.7638530719469578
}