{
    "mse_score": 0.04527418,
    "r2_tot": 0.8273461047209457,
    "r2_proj": 0.9219583416249096
}