{
    "mse_score": 0.05034537,
    "r2_tot": 0.7811588172564166,
    "r2_proj": 0.8989602560358534
}