{
    "mse_score": 0.05524983,
    "r2_tot": 0.7099774525701343,
    "r2_proj": 0.7940199952908499
}