{
    "mse_score": 0.04054568,
    "r2_tot": 0.8235629038386179,
    "r2_proj": 0.9409921379723729
}