{
    "mse_score": 0.04422007,
    "r2_tot": 0.7924436337296351,
    "r2_proj": 0.9092178422958324
}