{
    "mse_score": 0.04623027,
    "r2_tot": 0.8421433579512002,
    "r2_proj": 0.9404244717371236
}