{
    "mse_score": 0.03805328,
    "r2_tot": 0.8302700093560914,
    "r2_proj": 0.9141193578294173
}