{
    "mse_score": 0.0445,
    "r2_tot": 0.8340962339219979,
    "r2_proj": 0.9458327446706613
}