{
    "mse_score": 0.04930317,
    "r2_tot": 0.7295728109338023,
    "r2_proj": 0.8390052667851955
}