{
    "mse_score": 0.04382165,
    "r2_tot": 0.8349947936530396,
    "r2_proj": 0.9553628156609411
}