{
    "mse_score": 0.04136847,
    "r2_tot": 0.8309755731227152,
    "r2_proj": 0.9501250374021564
}