{
    "mse_score": 0.04129988,
    "r2_tot": 0.866128878829105,
    "r2_proj": 0.9568240099357603
}