{
    "mse_score": 0.03993523,
    "r2_tot": 0.8596616066313191,
    "r2_proj": 0.9520848998210163
}