{
    "mse_score": 0.04549818,
    "r2_tot": 0.8342733285419048,
    "r2_proj": 0.9541296614827006
}