{
    "mse_score": 0.04478941,
    "r2_tot": 0.8483668446710663,
    "r2_proj": 0.9530092795880635
}