{
    "mse_score": 0.05459162,
    "r2_tot": 0.7555238391879113,
    "r2_proj": 0.867408764176426
}