{
    "mse_score": 0.04441486,
    "r2_tot": 0.8389601977871971,
    "r2_proj": 0.9584871826730897
}