{
    "mse_score": 0.03979143,
    "r2_tot": 0.8209410595680866,
    "r2_proj": 0.9056700117802362
}