{
    "mse_score": 0.04005795,
    "r2_tot": 0.7950898470122864,
    "r2_proj": 0.9115672979867597
}