{
    "mse_score": 0.04570675,
    "r2_tot": 0.8366675950394262,
    "r2_proj": 0.9563230062909281
}