{
    "mse_score": 0.04081134,
    "r2_tot": 0.8838652940168289,
    "r2_proj": 0.9572879354474213
}