{
    "mse_score": 0.03878187,
    "r2_tot": 0.8442021582287074,
    "r2_proj": 0.9427266577126704
}