{
    "mse_score": 0.06952363,
    "r2_tot": 0.7024903959030258,
    "r2_proj": 0.7865095601394515
}