{
    "mse_score": 0.0441879,
    "r2_tot": 0.8540981638702283,
    "r2_proj": 0.9466596271107277
}