{
    "mse_score": 0.04040048,
    "r2_tot": 0.8626519397455755,
    "r2_proj": 0.9500720657401007
}