{
    "mse_score": 0.04229124,
    "r2_tot": 0.8160579581659229,
    "r2_proj": 0.9328803085810232
}