{
    "mse_score": 0.04118599,
    "r2_tot": 0.7967785767789499,
    "r2_proj": 0.9130381824818081
}