{
    "mse_score": 0.04408463,
    "r2_tot": 0.8140593014531036,
    "r2_proj": 0.8970133507644894
}