{
    "mse_score": 0.04272011,
    "r2_tot": 0.8589014531308405,
    "r2_proj": 0.9479061426171581
}