{
    "mse_score": 0.04041465,
    "r2_tot": 0.8188340570451217,
    "r2_proj": 0.9399670718688781
}