{
    "mse_score": 0.04443451,
    "r2_tot": 0.863131475985329,
    "r2_proj": 0.9512170802672435
}