{
    "mse_score": 0.04198303,
    "r2_tot": 0.8270667815919543,
    "r2_proj": 0.9143061057247361
}