{
    "mse_score": 0.04195676,
    "r2_tot": 0.8716777346039613,
    "r2_proj": 0.9440262949431333
}