{
    "mse_score": 0.01260683,
    "r2_tot": 0.9057783491711422,
    "r2_proj": 0.9644264737046346
}