{
    "mse_score": 0.03950653,
    "r2_tot": 0.810255023615967,
    "r2_proj": 0.9024121269033707
}