{
    "mse_score": 0.04417455,
    "r2_tot": 0.8236088469330917,
    "r2_proj": 0.9115784964597757
}