{
    "mse_score": 0.04796698,
    "r2_tot": 0.8517370813548043,
    "r2_proj": 0.9362779369661695
}