{
    "mse_score": 0.04996479,
    "r2_tot": 0.8126561981195707,
    "r2_proj": 0.897004591287986
}