{
    "mse_score": 0.04111803,
    "r2_tot": 0.8395950697126195,
    "r2_proj": 0.9510038486008732
}