{
    "mse_score": 0.04194283,
    "r2_tot": 0.8320360616967029,
    "r2_proj": 0.9304020662885927
}