{
    "mse_score": 0.04344766,
    "r2_tot": 0.8222455786173929,
    "r2_proj": 0.9177884226800087
}