{
    "mse_score": 0.03792634,
    "r2_tot": 0.8412042079078358,
    "r2_proj": 0.9099919453814457
}