{
    "mse_score": 0.04158765,
    "r2_tot": 0.8550454867234413,
    "r2_proj": 0.940855366968621
}