{
    "mse_score": 0.04970055,
    "r2_tot": 0.7838355866291429,
    "r2_proj": 0.8993044576627004
}