{
    "mse_score": 0.04238266,
    "r2_tot": 0.8469299145691159,
    "r2_proj": 0.9325350051977278
}