{
    "mse_score": 0.01452435,
    "r2_tot": 0.8032409966392308,
    "r2_proj": 0.8955881629868155
}