{
    "mse_score": 0.04180075,
    "r2_tot": 0.8376444341058558,
    "r2_proj": 0.9571444830449791
}