{
    "mse_score": 0.04873353,
    "r2_tot": 0.80431931913777,
    "r2_proj": 0.8918364267936969
}