{
    "mse_score": 0.04217763,
    "r2_tot": 0.8421085133930398,
    "r2_proj": 0.9292369497470186
}