{
    "mse_score": 0.04509892,
    "r2_tot": 0.8082153572254303,
    "r2_proj": 0.8908872663141124
}