{
    "mse_score": 0.03165571,
    "r2_tot": 0.66241202667809,
    "r2_proj": 0.7049296991887081
}