{
    "mse_score": 0.04160405,
    "r2_tot": 0.8398168700591474,
    "r2_proj": 0.9518785445861976
}