{
    "mse_score": 0.04075024,
    "r2_tot": 0.8442677960870609,
    "r2_proj": 0.9415938605189191
}