{
    "mse_score": 0.04217568,
    "r2_tot": 0.8554774970688324,
    "r2_proj": 0.9547102010751312
}