{
    "mse_score": 0.04305329,
    "r2_tot": 0.8089703470159758,
    "r2_proj": 0.9192999534508937
}