{
    "mse_score": 0.04138669,
    "r2_tot": 0.8618945301659675,
    "r2_proj": 0.9529341382577017
}