{
    "mse_score": 0.04289633,
    "r2_tot": 0.8808189723173425,
    "r2_proj": 0.9544281615767796
}