{
    "mse_score": 0.04033504,
    "r2_tot": 0.8633007875108498,
    "r2_proj": 0.9513380109832599
}