{
    "mse_score": 0.06075493,
    "r2_tot": 0.6815084602420561,
    "r2_proj": 0.7825059877032359
}