{
    "mse_score": 0.04313365,
    "r2_tot": 0.8316493897265254,
    "r2_proj": 0.9018014737690196
}