{
    "mse_score": 0.0421768,
    "r2_tot": 0.8556475429657975,
    "r2_proj": 0.9552330442762509
}