{
    "mse_score": 0.0435457,
    "r2_tot": 0.846580344122776,
    "r2_proj": 0.9433432293703276
}