{
    "mse_score": 0.04111392,
    "r2_tot": 0.8103130717596815,
    "r2_proj": 0.9227125675841669
}