{
    "mse_score": 0.04760823,
    "r2_tot": 0.8264597524420554,
    "r2_proj": 0.8949539319134749
}