{
    "mse_score": 0.0417329,
    "r2_tot": 0.7969853893271418,
    "r2_proj": 0.9132314051163529
}