{
    "mse_score": 0.04183803,
    "r2_tot": 0.8287622910279834,
    "r2_proj": 0.9169807825659051
}