{
    "mse_score": 0.04276601,
    "r2_tot": 0.8416317357299089,
    "r2_proj": 0.9269312872723793
}