{
    "mse_score": 0.04199732,
    "r2_tot": 0.8487797783326058,
    "r2_proj": 0.9463478176051144
}