{
    "mse_score": 0.04247307,
    "r2_tot": 0.8290933638743896,
    "r2_proj": 0.9474697810496806
}