{
    "mse_score": 0.04471811,
    "r2_tot": 0.8288631743929957,
    "r2_proj": 0.9186151916930159
}