{
    "mse_score": 0.0428043,
    "r2_tot": 0.8298284349251727,
    "r2_proj": 0.9268709919312104
}