{
    "mse_score": 0.05040398,
    "r2_tot": 0.7303066104523083,
    "r2_proj": 0.8289919022413954
}