{
    "mse_score": 0.04214842,
    "r2_tot": 0.8554169995704116,
    "r2_proj": 0.9543433311518956
}