{
    "mse_score": 0.04323169,
    "r2_tot": 0.8405037517600037,
    "r2_proj": 0.9098457038663378
}