{
    "mse_score": 0.04187822,
    "r2_tot": 0.8697197981750155,
    "r2_proj": 0.9577825957839996
}