{
    "mse_score": 0.04289734,
    "r2_tot": 0.8344673450293343,
    "r2_proj": 0.9365679683760325
}