{
    "mse_score": 0.04393044,
    "r2_tot": 0.8449983005313987,
    "r2_proj": 0.9429902064248419
}