{
    "mse_score": 0.04298405,
    "r2_tot": 0.8545699737003489,
    "r2_proj": 0.9464743635552829
}