{
    "mse_score": 0.04369951,
    "r2_tot": 0.81780092587604,
    "r2_proj": 0.9046489058792049
}