{
    "mse_score": 0.04008093,
    "r2_tot": 0.8232981084150265,
    "r2_proj": 0.9135068386151527
}