{
    "mse_score": 0.04048293,
    "r2_tot": 0.8364879656769197,
    "r2_proj": 0.948007247163893
}