{
    "mse_score": 0.04372257,
    "r2_tot": 0.8205879929961839,
    "r2_proj": 0.9224155392732473
}