{
    "mse_score": 0.04289057,
    "r2_tot": 0.8226614373867501,
    "r2_proj": 0.9412156941088246
}