{
    "mse_score": 0.04975254,
    "r2_tot": 0.8360626210688249,
    "r2_proj": 0.9063514881915642
}