{
    "mse_score": 0.04512141,
    "r2_tot": 0.8291628484403138,
    "r2_proj": 0.9245964136623709
}