{
    "mse_score": 0.04079681,
    "r2_tot": 0.7945977867123936,
    "r2_proj": 0.9110291151860006
}