{
    "mse_score": 0.03973332,
    "r2_tot": 0.8277108632507111,
    "r2_proj": 0.943845642297203
}