{
    "mse_score": 0.04130441,
    "r2_tot": 0.8677457631723213,
    "r2_proj": 0.9566028447578767
}