{
    "mse_score": 0.04311019,
    "r2_tot": 0.8303462719590541,
    "r2_proj": 0.9426802729869979
}