{
    "mse_score": 0.04231552,
    "r2_tot": 0.8582084742010593,
    "r2_proj": 0.9559643525504707
}