{
    "mse_score": 0.04362389,
    "r2_tot": 0.8281930295530012,
    "r2_proj": 0.9474755747699435
}