{
    "mse_score": 0.04267005,
    "r2_tot": 0.8290500912346321,
    "r2_proj": 0.9289138534705088
}