{
    "mse_score": 0.04286284,
    "r2_tot": 0.8169553116410727,
    "r2_proj": 0.9330475492325913
}