{
    "mse_score": 0.04044833,
    "r2_tot": 0.8823096977955972,
    "r2_proj": 0.9549883557106038
}