{
    "mse_score": 0.04230131,
    "r2_tot": 0.8658092885182865,
    "r2_proj": 0.9535244518039653
}