{
    "mse_score": 0.04089289,
    "r2_tot": 0.8361336045296409,
    "r2_proj": 0.9570730582446049
}