{
    "mse_score": 0.04258228,
    "r2_tot": 0.8580642760641667,
    "r2_proj": 0.9469780134014463
}