{
    "mse_score": 0.0393791,
    "r2_tot": 0.8046361476745417,
    "r2_proj": 0.9148444440593292
}