{
    "mse_score": 0.07401793,
    "r2_tot": 0.6290631411210807,
    "r2_proj": 0.7271146580699845
}