{
    "mse_score": 0.0437037,
    "r2_tot": 0.8011936541773579,
    "r2_proj": 0.9175166170540157
}