{
    "mse_score": 0.04110951,
    "r2_tot": 0.8011180308720375,
    "r2_proj": 0.9083284155852019
}