{
    "mse_score": 0.04196096,
    "r2_tot": 0.7962273165035268,
    "r2_proj": 0.9111262114620888
}