{
    "mse_score": 0.17296758,
    "r2_tot": 0.8291715613895045,
    "r2_proj": 0.8777924654184646
}