{
    "mse_score": 0.03642613,
    "r2_tot": 0.8435161791394751,
    "r2_proj": 0.9302600091070143
}