{
    "mse_score": 0.04201738,
    "r2_tot": 0.8287662375289897,
    "r2_proj": 0.9174885323122357
}