{
    "mse_score": 0.06028509,
    "r2_tot": 0.7518096082657808,
    "r2_proj": 0.8421977610234066
}