{
    "mse_score": 0.04550748,
    "r2_tot": 0.8592838596440113,
    "r2_proj": 0.9516979723610123
}