{
    "mse_score": 0.04366758,
    "r2_tot": 0.8257863232592009,
    "r2_proj": 0.912741948822212
}