{
    "mse_score": 0.04167895,
    "r2_tot": 0.7889928149338337,
    "r2_proj": 0.9051250087705078
}