{
    "mse_score": 0.04427624,
    "r2_tot": 0.8241858802778818,
    "r2_proj": 0.9123524549873888
}