{
    "mse_score": 0.04031361,
    "r2_tot": 0.8010784425953069,
    "r2_proj": 0.9120482974494238
}