{
    "mse_score": 0.03890618,
    "r2_tot": 0.8615536277299926,
    "r2_proj": 0.9520451540595178
}