{
    "mse_score": 0.04234138,
    "r2_tot": 0.8246476794024715,
    "r2_proj": 0.9091863743433638
}