{
    "mse_score": 0.05582876,
    "r2_tot": 0.694561748909671,
    "r2_proj": 0.7724173732789961
}