{
    "mse_score": 0.04291513,
    "r2_tot": 0.8403068189242231,
    "r2_proj": 0.9302844806540588
}