{
    "mse_score": 0.03932311,
    "r2_tot": 0.8342308453992447,
    "r2_proj": 0.953508056278354
}