{
    "mse_score": 0.04289998,
    "r2_tot": 0.8871521653996026,
    "r2_proj": 0.9614183313991046
}