{
    "mse_score": 0.04063276,
    "r2_tot": 0.8268413590578547,
    "r2_proj": 0.9124266275535267
}