{
    "mse_score": 0.03717471,
    "r2_tot": 0.8199850273158265,
    "r2_proj": 0.9039836367449473
}