{
    "mse_score": 0.04115799,
    "r2_tot": 0.8559691758044836,
    "r2_proj": 0.9425851261328325
}