{
    "mse_score": 0.04316304,
    "r2_tot": 0.8335310261531873,
    "r2_proj": 0.9430894334655621
}