{
    "mse_score": 0.04198952,
    "r2_tot": 0.8263107982185074,
    "r2_proj": 0.942111746037984
}