{
    "mse_score": 0.04066352,
    "r2_tot": 0.8001835059240701,
    "r2_proj": 0.9177168168195736
}