{
    "mse_score": 0.06338878,
    "r2_tot": 0.7448537984972801,
    "r2_proj": 0.8104080049321037
}