{
    "mse_score": 0.04721023,
    "r2_tot": 0.8057328301538808,
    "r2_proj": 0.8868588948897456
}