{
    "mse_score": 0.04357283,
    "r2_tot": 0.813392119908556,
    "r2_proj": 0.9306160688042385
}