{
    "mse_score": 0.04211665,
    "r2_tot": 0.8390629357908657,
    "r2_proj": 0.9258714494978368
}