{
    "mse_score": 0.04362542,
    "r2_tot": 0.8514304138393971,
    "r2_proj": 0.954485522658365
}