{
    "mse_score": 0.0442478,
    "r2_tot": 0.8476188995265473,
    "r2_proj": 0.9176749898699872
}