{
    "mse_score": 0.04220179,
    "r2_tot": 0.833736487386381,
    "r2_proj": 0.9527241015973787
}