{
    "mse_score": 0.04244032,
    "r2_tot": 0.8452534545288243,
    "r2_proj": 0.9437772841587776
}