{
    "mse_score": 0.04204169,
    "r2_tot": 0.7930543054202607,
    "r2_proj": 0.9069930468641956
}