{
    "mse_score": 0.03937611,
    "r2_tot": 0.8619379742530907,
    "r2_proj": 0.9503411967111502
}