{
    "mse_score": 0.04065995,
    "r2_tot": 0.8415672420458244,
    "r2_proj": 0.9264097983569001
}