{
    "mse_score": 0.04339436,
    "r2_tot": 0.8241905834108378,
    "r2_proj": 0.9476008610654248
}