{
    "mse_score": 0.04492384,
    "r2_tot": 0.8098269760365407,
    "r2_proj": 0.9275589980678329
}