{
    "mse_score": 0.04090135,
    "r2_tot": 0.862237183416784,
    "r2_proj": 0.9516232307966033
}