{
    "mse_score": 0.0413654,
    "r2_tot": 0.8233177577773052,
    "r2_proj": 0.9229292361785919
}