{
    "mse_score": 0.04118752,
    "r2_tot": 0.8514568592947063,
    "r2_proj": 0.9520368145740584
}