{
    "mse_score": 0.04214426,
    "r2_tot": 0.8542171414329055,
    "r2_proj": 0.9424591276770793
}