{
    "mse_score": 0.0361544,
    "r2_tot": 0.7994366036720336,
    "r2_proj": 0.9167846194754005
}