{
    "mse_score": 0.04705297,
    "r2_tot": 0.6921559602920591,
    "r2_proj": 0.7983359297872498
}