{
    "mse_score": 0.04176388,
    "r2_tot": 0.8291466835634377,
    "r2_proj": 0.9381829978558927
}