{
    "mse_score": 0.03925097,
    "r2_tot": 0.8640530817641054,
    "r2_proj": 0.9490171351976473
}