{
    "mse_score": 0.0529344,
    "r2_tot": 0.7635435173415659,
    "r2_proj": 0.8496241261215588
}