{
    "mse_score": 0.04275265,
    "r2_tot": 0.8479211178842443,
    "r2_proj": 0.9470564712191789
}