{
    "mse_score": 0.04203834,
    "r2_tot": 0.8605575641038812,
    "r2_proj": 0.9474530849215727
}