{
    "mse_score": 0.05736334,
    "r2_tot": 0.724255950594871,
    "r2_proj": 0.7874554089069566
}