{
    "mse_score": 0.05440333,
    "r2_tot": 0.691078033458538,
    "r2_proj": 0.801570973561631
}