{
    "mse_score": 0.04471814,
    "r2_tot": 0.8397368319761158,
    "r2_proj": 0.9531864792064757
}