{
    "mse_score": 0.04261997,
    "r2_tot": 0.7979139910146129,
    "r2_proj": 0.8966057177799573
}