{
    "mse_score": 0.04243555,
    "r2_tot": 0.7939148750837993,
    "r2_proj": 0.9007700331638433
}