{
    "mse_score": 0.0492785,
    "r2_tot": 0.8053571284012757,
    "r2_proj": 0.8942211149451555
}