{
    "mse_score": 0.04328003,
    "r2_tot": 0.8131596274836763,
    "r2_proj": 0.9094619593770161
}