{
    "mse_score": 0.04615298,
    "r2_tot": 0.8542730898799265,
    "r2_proj": 0.942014840995194
}