{
    "mse_score": 0.03860106,
    "r2_tot": 0.8331702264439554,
    "r2_proj": 0.9220256984397043
}