{
    "mse_score": 0.06599803,
    "r2_tot": 0.6877910035890072,
    "r2_proj": 0.7617449394156373
}