{
    "mse_score": 0.03883984,
    "r2_tot": 0.8848451228964023,
    "r2_proj": 0.9578979682608355
}