{
    "mse_score": 0.0398478,
    "r2_tot": 0.8294298999402158,
    "r2_proj": 0.9472407128460842
}