{
    "mse_score": 0.03978773,
    "r2_tot": 0.8375154372132831,
    "r2_proj": 0.9272962455166632
}