{
    "mse_score": 0.0420734,
    "r2_tot": 0.8176445585697565,
    "r2_proj": 0.9115057865047492
}