{
    "mse_score": 0.04747512,
    "r2_tot": 0.7830798599873547,
    "r2_proj": 0.9069722925800497
}